# Creating visible column 'my_row_id' is allowed.
CREATE TABLE t1 (f1 int, my_row_id INT);
# Creating invisible column 'my_row_id' is prohibited.
CREATE TABLE t2 (f1 int, my_row_id INT INVISIBLE);
ERROR HY000: Invisible column 'my_row_id' is reserved for purposes internal to the MySQL server. Please use a different name.
# Creating visible column 'my_row_id' is allowed.
CREATE TABLE t2 (my_row_id INT) SELECT f1 FROM t1;
DROP TABLE t2;
# Creating invisible column 'my_row_id' is prohibited.
CREATE TABLE t2 (my_row_id INT INVISIBLE) SELECT f1 FROM t1;
ERROR HY000: Invisible column 'my_row_id' is reserved for purposes internal to the MySQL server. Please use a different name.
# Creating table like t1 is allowed.
CREATE TABLE t2 LIKE t1;
# Renaming existing column to my_row_id is allowed.
ALTER TABLE t1 RENAME COLUMN my_row_id TO f2;
ALTER TABLE t1 CHANGE f1 my_row_id INT;
# Changing visible column to invisible column with name my_row_id
# is not allowed.
ALTER TABLE t1 CHANGE my_row_id my_row_id INT INVISIBLE;
ERROR HY000: Invisible column 'my_row_id' is reserved for purposes internal to the MySQL server. Please use a different name.
ALTER TABLE t1 MODIFY my_row_id INT INVISIBLE;
ERROR HY000: Invisible column 'my_row_id' is reserved for purposes internal to the MySQL server. Please use a different name.
ALTER TABLE t1 ALTER COLUMN my_row_id SET INVISIBLE;
ERROR HY000: Invisible column 'my_row_id' is reserved for purposes internal to the MySQL server. Please use a different name.
ALTER TABLE t1 RENAME COLUMN my_row_id TO f1;
ALTER TABLE t1 CHANGE f2 my_row_id INT INVISIBLE;
ERROR HY000: Invisible column 'my_row_id' is reserved for purposes internal to the MySQL server. Please use a different name.
# Renaming existing invisible column to my_row_id is not allowed.
ALTER TABLE t1 ALTER COLUMN f2 SET INVISIBLE;
ALTER TABLE t1 RENAME COLUMN f2 TO my_row_id;
ERROR HY000: Invisible column 'my_row_id' is reserved for purposes internal to the MySQL server. Please use a different name.
DROP TABLE t1, t2;
